brand,name,price,rating,product_type,quantity_sold,recommendation
rejuva minerals,Multi Purpose Powder - Blush & Eye,0.0,3.1,blush,7,no
marienatie,Mineral Blush,0.0,1.3,blush,4,no
lotus cosmetics usa,Creme to Powder Blush,0.0,1.9,blush,8,no
glossier,Cloud Paint,22.0,3.2,blush,5,no
nyx,Sweet Cheeks Blush Palette,20.0,2.7,blush,7,no
nyx,Cheek Contour Duo Palette,9.0,2.3,blush,10,no
nyx,High Definition Blush Pro Refills,6.0,3.9,blush,3,no
nyx,Rouge Cream Blush,6.0,3.8,blush,7,no
nyx,Baked Blush,7.0,1.7,blush,8,no
nyx,High Definition Blush,6.5,4.5,blush,5,no
nyx,Ombre Blush,10.0,3.0,blush,4,no
nyx,Stick Blush,6.0,4.0,blush,8,yes
nyx,Whipped Lip & Cheek Soufflé,6.0,3.3,blush,8,no
clinique,Sculptionary&trade; Cheek Contouring Palette,34.0,5.0,blush,3,no
clinique,Blushing Blush&trade; Powder Blush,23.0,4.0,blush,6,yes
clinique,Cheek Pop&trade;,23.0,3.8,blush,5,no
clinique,Clinique + Jonathan Adler: Cheek Pop,18.9,4.1,blush,2,no
clinique,Soft-Pressed Powder Blusher,23.0,1.6,blush,8,no
clinique,Chubby Stick&trade; Cheek Colour Balm,23.0,1.8,blush,6,no
clinique,Clinique Pop&trade; Oil Lip & Cheek Glow,,3.9,blush,2,no
clinique,CliniqueFIT™  Lip + Cheek Flush,23.0,3.0,blush,5,no
dior,Diorskin Rosy Glow,32.0,4.0,blush,1,no
dior,DIORBLUSH PRECIOUS ROCKS - Christmas 2017 Limited Edition,0.0,1.4,blush,10,no
dior,Diorblush Sculpt,32.5,3.1,blush,6,no
dior,Diorblush,32.5,2.5,blush,9,no
dior,Cheek & Lip Glow,27.5,2.8,blush,1,no
iman,Luxury Blushing Powder Posh,,3.4,blush,10,no
smashbox,O-Glow ,29.0,3.0,blush,3,no
smashbox,L.A. Lights Palette,35.0,3.2,blush,7,no
smashbox,L.A. Lights Cheek & Lip Color,29.0,2.9,blush,4,no
,Fake Bake Blush Legal Sunburn,15.99,5.0,blush,9,yes
nyx,NYX Ombre Blush,12.99,2.6,blush,3,no
covergirl,CoverGirl truBLEND Blush in Light Rose,13.99,4.1,blush,5,no
cargo cosmetics,Cargo Cosmetics HD Picture Perfect Blush Highlighter,32.0,1.0,blush,3,no
,Saint Cosmetics Blush,28.96,3.4,blush,7,no
maybelline,Maybelline Face Studio Master Hi-Light Light Booster Blush,14.99,3.3,blush,5,no
sante,Sante Rouge,23.49,3.0,blush,9,no
covergirl,CoverGirl truBLEND Blush in Medium Rose,13.99,5.0,blush,7,yes
annabelle,Annabelle Blush ,7.99,3.9,blush,2,no
nyx,NYX High Definition Blush,7.99,4.0,blush,4,no
cargo cosmetics,Cargo Cosmetics Swimmables Water Resistant Blush,29.0,5.0,blush,9,yes
mineral fusion,Mineral Fusion Blush,32.0,5.0,blush,2,no
covergirl,CoverGirl Clean Glow Blush ,8.99,5.0,blush,10,yes
covergirl,CoverGirl Clean Glow Blush,8.99,3.4,blush,9,no
physicians formula,Physicians Formula Nude Wear Glowing Nude Blush,15.99,4.0,blush,10,yes
covergirl,CoverGirl Cheekers Blush ,6.99,5.0,blush,5,no
e.l.f.,e.l.f. Studio Blush Palette Dark,9.99,4.3,blush,2,no
revlon,Revlon Powder Blush ,13.49,5.0,blush,4,no
maybelline,Maybelline Face Studio Master Hi-Light Light Booster Blush ,14.99,5.0,blush,7,yes
physicians formula,Physicians Formula Nude Wear Glowing Nude Blush ,15.99,4.0,blush,8,yes
covergirl,CoverGirl Cheekers Blush,6.99,5.0,blush,3,no
almay,Almay Smart Shade Powder Blush,14.49,4.0,blush,1,no
l'oreal,L'Oreal Paris True Match,16.49,4.8,blush,4,no
physicians formula,Physicians Formula Happy Booster Glow & Mood Boosting Blush,15.99,4.7,blush,2,no
pure anada,Pure Anada Loose Mineral Luminous Blush,12.0,4.0,blush,8,yes
physicians formula,Physicians Formula Mineral Wear Airbrushing Blush,15.49,4.8,blush,4,no
covergirl,CoverGirl Instant Cheekbones Contouring Blush,7.99,3.3,blush,2,no
physicians formula,Physicians Formula Happy Booster Glow & Mood Boosting Powder,19.99,4.8,blush,6,yes
e.l.f.,e.l.f. Studio Blush Palette Light,9.99,4.7,blush,6,yes
pure anada,Pure Anada Loose Mineral Velvet Matte Blush ,12.0,4.5,blush,10,yes
maybelline,Maybelline Fit Me Blush,10.29,4.8,blush,4,no
pure anada,Pure Anada Pressed Mineral Cheek Colour Pan,12.0,4.4,blush,6,yes
milani,Milani Rose Powder Blush,9.99,4.6,blush,2,no
milani,Milani Baked Blush,7.99,4.7,blush,10,yes
cargo cosmetics,Cargo Cosmetics Blush,26.0,4.8,blush,2,no
physicians formula,Physicians Formula Argan Wear Ultra-Nourishing Argan Oil Blush in Rose,15.99,5.0,blush,10,yes
stila,Stila Convertible Colour Palette Sinrise Splendor,51.0,4.8,blush,4,no
stila,Stila Convertible Colour Palette Sunset Serenade,51.0,2.4,blush,8,no
anna sui,Anna Sui Cream Cheek Colour,27.0,1.9,blush,7,no
nyx,NYX Rouge Cream Blush,9.99,2.0,blush,9,no
l'oreal,L'Oreal Paris Visible Lift Blur Blush ,15.99,2.7,blush,8,no
marcelle,Marcelle Cream Blush,14.99,5.0,blush,5,no
revlon,Revlon PhotoReady Cream Blush,13.49,5.0,blush,2,no
,DaLish Lip Cheek Balm,15.0,2.3,blush,5,no
physicians formula,Physicians Formula Super BB All-in-1 Beauty Balm Cheek & Lip in Berry Pink,8.99,4.0,blush,8,yes
maybelline,Maybelline Dream Bouncy Blush,11.99,4.5,blush,10,yes
physicians formula,Physicians Formula Mineral Wear Flawless Complexion Kit ,29.99,4.8,blush,9,yes
pacifica,Pacifica Radiant Shimmer Highlighting Creams For Eyes Lips Face,28.0,3.6,blush,9,no
rejuva minerals,Multi Purpose Powder - Blush & Eye,0.0,2.2,blush,1,no
marienatie,Mineral Blush,0.0,3.5,blush,9,no
lotus cosmetics usa,Creme to Powder Blush,0.0,4.6,blush,7,yes
glossier,Cloud Paint,22.0,1.6,blush,9,no
nyx,Sweet Cheeks Blush Palette,20.0,1.4,blush,8,no
nyx,Cheek Contour Duo Palette,9.0,2.0,blush,1,no
nyx,High Definition Blush Pro Refills,6.0,3.9,blush,8,no
nyx,Rouge Cream Blush,6.0,3.4,blush,8,no
nyx,Baked Blush,7.0,1.4,blush,3,no
nyx,High Definition Blush,6.5,4.7,blush,1,no
nyx,Ombre Blush,10.0,4.2,blush,8,yes
nyx,Stick Blush,6.0,1.1,blush,3,no
nyx,Whipped Lip & Cheek Soufflé,6.0,3.6,blush,3,no
clinique,Sculptionary&trade; Cheek Contouring Palette,34.0,4.1,blush,1,no
clinique,Blushing Blush&trade; Powder Blush,23.0,2.5,blush,5,no
clinique,Cheek Pop&trade;,23.0,1.3,blush,10,no
clinique,Clinique + Jonathan Adler: Cheek Pop,18.9,1.3,blush,7,no
clinique,Soft-Pressed Powder Blusher,23.0,1.4,blush,10,no
clinique,Chubby Stick&trade; Cheek Colour Balm,23.0,4.4,blush,9,yes
clinique,Clinique Pop&trade; Oil Lip & Cheek Glow,,4.6,blush,7,yes
clinique,CliniqueFIT™  Lip + Cheek Flush,23.0,1.5,blush,9,no
dior,Diorskin Rosy Glow,32.0,1.9,blush,8,no
dior,DIORBLUSH PRECIOUS ROCKS - Christmas 2017 Limited Edition,0.0,1.7,blush,2,no
dior,Diorblush Sculpt,32.5,1.7,blush,1,no
dior,Diorblush,32.5,4.3,blush,7,yes
dior,Cheek & Lip Glow,27.5,2.3,blush,7,no
iman,Luxury Blushing Powder Posh,,2.2,blush,8,no
smashbox,O-Glow ,29.0,1.9,blush,5,no
smashbox,L.A. Lights Palette,35.0,3.4,blush,3,no
smashbox,L.A. Lights Cheek & Lip Color,29.0,2.5,blush,8,no
,Fake Bake Blush Legal Sunburn,15.99,5.0,blush,6,yes
nyx,NYX Ombre Blush,12.99,4.0,blush,3,no
covergirl,CoverGirl truBLEND Blush in Light Rose,13.99,1.8,blush,1,no
cargo cosmetics,Cargo Cosmetics HD Picture Perfect Blush Highlighter,32.0,4.2,blush,3,no
,Saint Cosmetics Blush,28.96,3.4,blush,5,no
maybelline,Maybelline Face Studio Master Hi-Light Light Booster Blush,14.99,1.5,blush,3,no
sante,Sante Rouge,23.49,3.0,blush,1,no
covergirl,CoverGirl truBLEND Blush in Medium Rose,13.99,5.0,blush,5,no
annabelle,Annabelle Blush ,7.99,2.7,blush,10,no
nyx,NYX High Definition Blush,7.99,4.0,blush,7,yes
cargo cosmetics,Cargo Cosmetics Swimmables Water Resistant Blush,29.0,5.0,blush,7,yes
mineral fusion,Mineral Fusion Blush,32.0,5.0,blush,9,yes
covergirl,CoverGirl Clean Glow Blush ,8.99,5.0,blush,10,yes
covergirl,CoverGirl Clean Glow Blush,8.99,4.5,blush,10,yes
physicians formula,Physicians Formula Nude Wear Glowing Nude Blush,15.99,4.0,blush,3,no
covergirl,CoverGirl Cheekers Blush ,6.99,5.0,blush,7,yes
e.l.f.,e.l.f. Studio Blush Palette Dark,9.99,4.7,blush,1,no
revlon,Revlon Powder Blush ,13.49,5.0,blush,4,no
maybelline,Maybelline Face Studio Master Hi-Light Light Booster Blush ,14.99,5.0,blush,4,no
physicians formula,Physicians Formula Nude Wear Glowing Nude Blush ,15.99,4.0,blush,5,no
covergirl,CoverGirl Cheekers Blush,6.99,5.0,blush,7,yes
almay,Almay Smart Shade Powder Blush,14.49,4.0,blush,7,yes
l'oreal,L'Oreal Paris True Match,16.49,4.8,blush,4,no
physicians formula,Physicians Formula Happy Booster Glow & Mood Boosting Blush,15.99,4.7,blush,7,yes
pure anada,Pure Anada Loose Mineral Luminous Blush,12.0,4.0,blush,3,no
physicians formula,Physicians Formula Mineral Wear Airbrushing Blush,15.49,4.8,blush,6,yes
covergirl,CoverGirl Instant Cheekbones Contouring Blush,7.99,3.3,blush,2,no
physicians formula,Physicians Formula Happy Booster Glow & Mood Boosting Powder,19.99,4.8,blush,10,yes
e.l.f.,e.l.f. Studio Blush Palette Light,9.99,4.7,blush,9,yes
pure anada,Pure Anada Loose Mineral Velvet Matte Blush ,12.0,4.5,blush,5,no
maybelline,Maybelline Fit Me Blush,10.29,4.8,blush,6,yes
pure anada,Pure Anada Pressed Mineral Cheek Colour Pan,12.0,4.4,blush,4,no
milani,Milani Rose Powder Blush,9.99,4.6,blush,10,yes
milani,Milani Baked Blush,7.99,4.7,blush,7,yes
cargo cosmetics,Cargo Cosmetics Blush,26.0,4.8,blush,9,yes
physicians formula,Physicians Formula Argan Wear Ultra-Nourishing Argan Oil Blush in Rose,15.99,5.0,blush,7,yes
stila,Stila Convertible Colour Palette Sinrise Splendor,51.0,2.9,blush,1,no
stila,Stila Convertible Colour Palette Sunset Serenade,51.0,2.9,blush,1,no
anna sui,Anna Sui Cream Cheek Colour,27.0,4.7,blush,9,yes
nyx,NYX Rouge Cream Blush,9.99,2.0,blush,9,no
l'oreal,L'Oreal Paris Visible Lift Blur Blush ,15.99,3.3,blush,4,no
marcelle,Marcelle Cream Blush,14.99,5.0,blush,9,yes
revlon,Revlon PhotoReady Cream Blush,13.49,5.0,blush,3,no
,DaLish Lip Cheek Balm,15.0,2.3,blush,7,no
physicians formula,Physicians Formula Super BB All-in-1 Beauty Balm Cheek & Lip in Berry Pink,8.99,4.0,blush,6,yes
maybelline,Maybelline Dream Bouncy Blush,11.99,4.5,blush,8,yes
physicians formula,Physicians Formula Mineral Wear Flawless Complexion Kit ,29.99,4.8,blush,9,yes
pacifica,Pacifica Radiant Shimmer Highlighting Creams For Eyes Lips Face,28.0,3.6,blush,5,no
maia's mineral galaxy,Mineral Eye Brow Liner Charcoal Brown,0.0,1.1,eyebrow,1,no
nyx,Eyebrow Marker,9.75,4.7,eyebrow,3,no
nyx,Eyebrow Kit With Stencil,15.0,2.0,eyebrow,10,no
nyx,Eyebrow Push-Up Bra,10.0,3.3,eyebrow,8,no
nyx,3-Dimensional Brow Marker,10.0,1.7,eyebrow,6,no
nyx,Eyebrow Shaper,8.75,1.1,eyebrow,8,no
nyx,Build 'Em Up Brow Powder,8.0,2.2,eyebrow,9,no
nyx,3-in-1 Brow Pencil,13.0,4.1,eyebrow,4,no
nyx,Proof It! Waterproof Eyebrow Primer,7.0,2.1,eyebrow,1,no
nyx,Eyebrow Powder Pencil,6.5,1.9,eyebrow,1,no
nyx,Precision Brow Pencil,10.0,1.9,eyebrow,10,no
nyx,Sculpt & Highlight Brow Contour,10.0,3.1,eyebrow,4,no
nyx,Control Freak Eyebrow Gel,6.0,4.9,eyebrow,7,yes
nyx,Eyebrow Cake Powder,6.0,2.8,eyebrow,2,no
nyx,Tinted Brow Mascara,7.0,3.2,eyebrow,3,no
nyx,Auto Eyebrow Pencil,4.75,4.4,eyebrow,1,no
nyx,Eyebrow Gel,7.0,3.1,eyebrow,5,no
nyx,Tame & Frame Brow Pomade,7.0,1.7,eyebrow,1,no
nyx,Micro Brow Pencil,10.0,2.2,eyebrow,8,no
clinique,Instant Lift For Brows,9.0,2.2,eyebrow,1,no
clinique,Superfine Liner For Brows,18.0,2.6,eyebrow,1,no
clinique,Pretty Easy Brow Palette,34.5,2.7,eyebrow,2,no
clinique,Brow Keeper,18.0,4.2,eyebrow,2,no
clinique,Just Browsing Brush-On Styling Mousse,18.0,2.4,eyebrow,6,no
clinique,Brow Shaper,18.0,2.9,eyebrow,7,no
dior,All-In-Brow 3D,43.0,3.5,eyebrow,5,no
dior,Sourcils Poudre,20.0,2.5,eyebrow,1,no
dior,DIORSHOW BROW STYLER,20.0,4.3,eyebrow,1,no
dior,DIORSHOW BOLD BROW - Christmas 2017 Limited Edition,22.0,3.3,eyebrow,3,no
dior,DIORSHOW BOLD BROW,22.0,2.2,eyebrow,2,no
iman,Perfect Eyebrow Pencil Blackest Brown,,3.9,eyebrow,5,no
benefit,high brow glow brow highlighter ,29.0,3.1,eyebrow,10,no
benefit,high brow eyebrow highlighter ,29.0,3.1,eyebrow,6,no
benefit,brow zings eyebrow shaping kit ,42.0,2.9,eyebrow,7,no
benefit,BROWVO! conditioning eyebrow primer ,36.0,3.0,eyebrow,4,no
benefit,"precisely, my brow eyebrow pencil ",30.0,4.1,eyebrow,7,yes
benefit,ka-BROW! eyebrow cream-gel color ,30.0,1.4,eyebrow,8,no
benefit,goof proof eyebrow pencil ,30.0,2.3,eyebrow,1,no
benefit,gimme brow volumizing eyebrow gel,30.0,1.3,eyebrow,6,no
benefit,bigger & bolder brows kit,44.0,4.0,eyebrow,8,yes
benefit,defined & refined brows kit,44.0,2.1,eyebrow,5,no
benefit,soft & natural brows kit,44.0,4.6,eyebrow,4,no
smashbox,Brow Tech Highlight Stick,21.0,3.1,eyebrow,2,no
smashbox,Brow Tech Gloss Stick,21.0,4.2,eyebrow,6,yes
smashbox,Brow Tech Matte Pencil,21.0,4.9,eyebrow,6,yes
smashbox,Brow Tech Shaping Powder,25.0,4.4,eyebrow,1,no
smashbox,Brow Tech To Go,28.0,4.5,eyebrow,9,yes
smashbox,#ShapeMatters Palette,55.0,2.6,eyebrow,6,no
smashbox,Photo Matte Eyes,49.0,3.2,eyebrow,3,no
zorah biocosmetiques,Liquid Liner,0.0,2.0,eyeliner,4,no
marienatie,Gel Liner,0.0,1.8,eyeliner,4,no
marienatie,Eyeliner,0.0,3.0,eyeliner,3,no
c'est moi,Fearless Eyeliner,0.0,3.4,eyeliner,10,no
nyx,Holographic Halo Cream Eyeliner,11.0,2.4,eyeliner,3,no
nyx,Cake That! Powder Eyeliner,8.0,3.3,eyeliner,3,no
nyx,Epic Black Mousse Liner,10.0,4.5,eyeliner,4,no
nyx,Cosmic Gel Liner,10.0,3.2,eyeliner,7,no
nyx,Gel Liner And Smudger,9.0,3.9,eyeliner,4,no
nyx,Metallic Eyeliner,8.0,4.2,eyeliner,9,yes
nyx,Tres Jolie Gel Pencil Liner,12.0,5.0,eyeliner,1,no
nyx,Faux Whites Eye Brightener,8.0,3.4,eyeliner,8,no
nyx,Faux Blacks Eyeliner,8.0,4.2,eyeliner,7,yes
nyx,Collection Noir,6.0,4.9,eyeliner,2,no
nyx,Slim Eye Pencil,4.0,4.8,eyeliner,8,yes
nyx,Retractable Eye Liner,5.0,1.6,eyeliner,1,no
nyx,Slide On Pencil,8.0,2.6,eyeliner,9,no
nyx,Jumbo Eye Pencil,4.5,2.3,eyeliner,9,no
nyx,Two Timer Dual Ended Eyeliner,10.0,1.3,eyeliner,2,no
nyx,Strictly Vinyl Eyeliner,7.0,3.5,eyeliner,7,no
nyx,Collection Chocolate,6.0,3.9,eyeliner,10,no
nyx,Super Fat Eye Marker,10.0,4.4,eyeliner,3,no
nyx,Super Skinny Eye Marker,9.5,1.5,eyeliner,7,no
nyx,Felt Tip Liner,9.5,4.5,eyeliner,10,yes
nyx,The Curve,15.0,3.6,eyeliner,9,no
nyx,Colored Felt Tip Liner,10.0,3.8,eyeliner,4,no
nyx,Vinyl Liquid Liner,7.0,4.6,eyeliner,1,no
nyx,That's The Point Eyeliner,10.0,3.5,eyeliner,2,no
nyx,White Liquid Liner,7.0,2.3,eyeliner,1,no
nyx,Studio Liquid Liner,4.5,4.3,eyeliner,5,no
nyx,Epic Ink Liner,8.0,2.5,eyeliner,5,no
nyx,Glam Liner Aqua Luxe Collection,5.5,1.1,eyeliner,7,no
nyx,Matte Liquid Liner,7.0,4.3,eyeliner,9,yes
nyx,Vivid Brights Liner,7.0,2.4,eyeliner,9,no
nyx,Wonder Pencil,4.5,4.1,eyeliner,3,no
fenty,ECLIPSE - 2-in-1 Glitter Release Eyeliner,20.0,2.5,eyeliner,3,no
clinique,Cream Shaper&trade; For Eyes,17.5,4.4,eyeliner,3,no
clinique,Quickliner&trade; For Eyes,17.5,1.9,eyeliner,4,no
clinique,High Impact™ Custom Black Kajal,17.5,4.9,eyeliner,8,yes
clinique,Kohl Shaper For Eyes,17.5,4.1,eyeliner,6,yes
clinique,Quickliner&#8482; For Eyes Intense,17.5,1.5,eyeliner,8,no
clinique,Brush-On Cream Liner,17.5,3.3,eyeliner,1,no
clinique,Water-Resistant Eyeliner,17.5,4.9,eyeliner,8,yes
clinique,Clinique Skinny Stick&trade;,17.0,2.9,eyeliner,4,no
clinique,Pretty Easy™ Liquid Eyelining Pen,21.0,1.7,eyeliner,1,no
dior,Diorshow Art Pen,27.5,2.9,eyeliner,8,no
dior,Diorliner,27.0,3.0,eyeliner,4,no
dior,Dior Addict It-Line,26.5,4.0,eyeliner,6,yes
dior,Eyeliner Waterproof,20.0,3.8,eyeliner,8,no
dior,DIORSHOW KHÔL,19.5,2.6,eyeliner,4,no
dior,Diorshow Pro Liner Waterproof,20.5,1.9,eyeliner,3,no
iman,Perfect Eye Pencil Ebony,,3.6,eyeliner,9,no
benefit,BADgal waterproof eyeliner,26.0,2.7,eyeliner,3,no
benefit,creaseless cream eyeshadow,26.0,1.5,eyeliner,9,no
benefit,they're real! gel eyeliner pen ,31.0,4.6,eyeliner,2,no
smashbox,Jet Set Waterproof Eye Liner,22.0,3.8,eyeliner,2,no
smashbox,Photo Angle Gel Liner,24.0,3.7,eyeliner,2,no
smashbox,Limitless Eye Liner,19.0,4.3,eyeliner,6,yes
smashbox,Limitless Liquid Liner,22.0,3.1,eyeliner,3,no
smashbox,Always Sharp 3D Liner,20.0,4.3,eyeliner,9,yes
smashbox,Always Sharp Waterproof Kohl Liner,21.0,3.0,eyeliner,4,no
covergirl,CoverGirl Trunaked Waterproof Eyeliner Duo in Mocha/Ebony,11.99,1.3,eyeliner,1,no
anna sui,Anna Sui Eye Brightener,28.0,2.6,eyeliner,4,no
anna sui,Anna Sui Sharpener,10.0,3.0,eyeliner,1,no
covergirl,CoverGirl Bombshell Powder Brow & Liner in Dark Brown,9.49,3.0,eyeliner,5,no
anna sui,Anna Sui Pencil Eyeliner WP,26.0,3.9,eyeliner,4,no
covergirl,CoverGirl Trunaked Waterproof Eyeliner Duo in Cashmere/Espresso,11.99,1.4,eyeliner,8,no
revlon,Revlon PhotoReady Kajal Matte Eye Pencil,11.49,1.6,eyeliner,8,no
physicians formula,Physicians Formula Shimmer Strips Extreme Shimmer Pencil + Smudger Trio,15.99,2.1,eyeliner,7,no
covergirl,CoverGirl Full Lash Bloom Mascara + Perfect Point Plus Eye Liner,14.99,2.1,eyeliner,3,no
l'oreal,L'Oreal Infallible Smokissime Powder Eyeliner Pen,12.99,2.5,eyeliner,1,no
physicians formula,Physicians Formula Shimmer Strips Extreme Shimmer Eyeliner Trio in Nude ,14.79,3.9,eyeliner,1,no
milani,Milani Supreme Kohl Kajal Eyeliner,8.99,5.0,eyeliner,3,no
annabelle,Annabelle Retractable Eyeliner,9.99,5.0,eyeliner,6,yes
cargo cosmetics,Cargo Cosmetics Swimmables Eye Pencil,19.0,4.7,eyeliner,7,yes
annabelle,Annabelle Smudgeliner ,8.99,5.0,eyeliner,6,yes
mineral fusion,Mineral Fusion Eye Pencil,19.0,4.5,eyeliner,6,yes
wet n wild,Wet n Wild Sharpen Up! Dual Pencil Sharpener,1.99,5.0,eyeliner,6,yes
covergirl,CoverGirl Ink it! By Perfect Point Plus Eyeliner ,6.99,2.0,eyeliner,3,no
annabelle,Annabelle Stay Sharp Waterproof Kohl Eyeliner,9.99,3.5,eyeliner,6,no
pacifica,Pacifica Natural Eye Pencil,16.0,5.0,eyeliner,8,yes
covergirl,CoverGirl Liquiline Blast Eyeliner ,9.99,4.5,eyeliner,2,no
annabelle,Annabelle Smoothliner ,6.99,4.8,eyeliner,5,no
marcelle,Marcelle Waterproof Eyeliner,10.99,3.0,eyeliner,1,no
physicians formula,Physicians Formula Shimmer Strips Eye Enhancing Eyeliner Trio ,14.79,5.0,eyeliner,1,no
l'oreal,L'Oreal Paris Infallible Silkissime Eyeliner,11.99,5.0,eyeliner,5,no
l'oreal,L'Oreal Paris Extra-Intense Liquid Pencil Eyeliner,10.99,4.3,eyeliner,3,no
covergirl,CoverGirl Ink it! By Perfect Point Plus Eyeliner,6.99,2.5,eyeliner,4,no
physicians formula,Physicians Formula Shimmer Strips Eye Enhancing Eyeliner Trio,14.79,5.0,eyeliner,3,no
covergirl,CoverGirl Perfect Point Plus Eyeliner Pencil ,7.49,4.0,eyeliner,1,no
milani,Milani Brow & Eye Highlighter Duo Pencil,6.99,3.3,eyeliner,1,no
l'oreal,L'Oreal Paris Infallible Never Fail Eye Liner,12.99,3.5,eyeliner,5,no
sante,Sante Kajal Eyeliner Pencil,17.29,3.9,eyeliner,6,no
dr. hauschka,Dr. Hauschka Kajal Eyeliner,24.0,4.4,eyeliner,3,no
maybelline,Maybelline Line Express Eyeliner,7.29,4.5,eyeliner,9,yes
almay,Almay Intense i-Colour Bring Out Eyeliner,10.99,4.3,eyeliner,5,no
maybelline,Maybelline Unstoppable Eyeliner,8.99,4.3,eyeliner,8,yes
pure anada,Pure Anada Pureline Pencil Eye Liner,14.0,4.0,eyeliner,1,no
l'oreal,L'Oreal Paris Colour Riche Le Khol Eyeliner,9.29,4.5,eyeliner,5,no
,Earth Lab Vegan Mineral Eye Pencil,18.0,3.4,eyeliner,3,no
revlon,Revlon ColorStay Eye Liner,11.49,4.7,eyeliner,1,no
maybelline,Maybelline Color Show Kohl Liner,5.99,3.0,eyeliner,4,no
stila,Stila La Quill Eye Liner Brush,36.0,3.3,eyeliner,5,no
nyx,NYX Super Fat Eye Marker,11.99,4.4,eyeliner,7,yes
covergirl,CoverGirl Bombshell Powder Brow & Liner in Blonde,9.49,2.6,eyeliner,1,no
maybelline,Maybelline Eye Studio Master Graphic in Striking Black,11.99,4.1,eyeliner,3,no
covergirl,CoverGirl Intensify Me! Liquid Liner,9.99,2.7,eyeliner,2,no
l'oreal,L'Oreal Paris Infallible Black Velvet Liner,13.99,2.4,eyeliner,9,no
milani,Milani Eye Tech Bold Liquid Eyeliner,10.99,4.8,eyeliner,10,yes
cargo cosmetics,Cargo Cosmetics TexasLiner Liquid Eye Liner,22.0,1.7,eyeliner,6,no
wet n wild,Wet n Wild ProLine Graphic Marker Eyeliner,6.99,1.4,eyeliner,10,no
,Pysicians Formula Eye Booster Cushion Liquid Liner + Serum Ultra Black,15.99,4.1,eyeliner,3,no
annabelle,Annabelle EyeInk2 Liquid Eyeliner Duo,10.99,1.3,eyeliner,8,no
annabelle,Annabelle Glitterama Liquid Eyeliner,8.96,4.3,eyeliner,8,yes
wet n wild,Wet n Wild ProLine Felt Tip Eyeliner,6.99,4.0,eyeliner,2,no
marcelle,Marcelle Double Precision Liquid Eyeliner Pen,14.99,2.7,eyeliner,6,no
annabelle,Annabelle EyeInk2 Mistake Proof Eyeliner + Corrector,10.99,5.0,eyeliner,7,yes
covergirl,CoverGirl Ink It! By Perfect Point Plus Violet Ink,6.99,4.7,eyeliner,2,no
marcelle,Marcelle Kajal Kohl Eyeliner Blackest Black,11.99,5.0,eyeliner,10,yes
wet n wild,Wet n Wild H2O Proof Liquid Eyeliner,6.99,3.9,eyeliner,2,no
milani,Milani Eye Tech Extreme Liquid Eyeliner,10.99,3.4,eyeliner,10,no
marcelle,Marcelle Waterproof Liquid DIP-PEN Eyeliner 10H+,13.99,4.8,eyeliner,1,no
physicians formula,Physicians Formula Sexy Booster Cat Eye Collection Liquid Eyeliner ,12.99,2.6,eyeliner,8,no
physicians formula,Physicians Formula Argan Wear Ultra-Nourishing Kohl Kajal Eyeliner,12.99,3.7,eyeliner,1,no
wet n wild,Wet n Wild MegaLiner Liquid Eyeliner,5.49,4.8,eyeliner,9,yes
revlon,Revlon ColorStay Skinny Liquid Liner ,11.99,1.5,eyeliner,6,no
physicians formula,Physicians Formula Shimmer Strips Kohl Kajal Eyeliner Trio ,14.79,5.0,eyeliner,7,yes
zorah,Zorah Liquid Liner,24.0,3.3,eyeliner,10,no
milani,Milani Fierce Foil Eyeliner,9.99,2.9,eyeliner,7,no
physicians formula,Physicians Formula Shimmer Strips Kohl Kajal Eyeliner Trio,14.79,5.0,eyeliner,10,yes
suncoat,Suncoat Sugar-based Natural Liquid Eyeliner,16.99,3.5,eyeliner,3,no
dr. hauschka,Dr. Hauschka Liquid Eyeliner,30.0,4.0,eyeliner,2,no
almay,Almay Liquid Liner,10.99,4.2,eyeliner,9,yes
l'oreal,L'Oreal Infallible Super Slim 12H Liner,11.99,2.1,eyeliner,8,no
e.l.f.,e.l.f. Intense Ink Eyeliner,3.99,5.0,eyeliner,10,yes
l'oreal,L'Oreal Telescopic Explosion Waterproof Eyeliner Black,12.99,4.2,eyeliner,7,yes
e.l.f.,e.l.f. Studio Precision Liquid Eyeliner,4.99,3.7,eyeliner,9,no
maybelline,Maybelline EyeStudio Master Precise Ink Pen Eyeliner,11.99,4.0,eyeliner,4,no
almay,Almay Intense i-Colour Play Up Liquid Liner,10.99,4.0,eyeliner,4,no
maybelline,Maybelline Line Stiletto Ultimate Precision Liquid Eyeliner,10.29,4.0,eyeliner,1,no
e.l.f.,e.l.f. Studio Eye Primer & Liner Sealer,4.99,4.3,eyeliner,8,yes
revlon,Revlon ColorStay Liquid Eye Liner,11.49,4.0,eyeliner,3,no
l'oreal,L'Oreal Paris Lineur Intense Felt Tip Liquid,10.99,4.3,eyeliner,7,yes
physicians formula,Physicians Formula Eye Booster Lash Boosting Eyeliner + Serum,14.79,4.0,eyeliner,2,no
maybelline,Maybelline Liquid Eyeliner,10.99,4.2,eyeliner,2,no
e.l.f.,e.l.f. Studio Cream Eyeliner,4.99,4.5,eyeliner,7,yes
maybelline,Maybelline Eye Studio Lasting Drama Gel Eyeliner,11.99,4.4,eyeliner,6,yes
covergirl,CoverGirl LineExact Liquid Eyeliner ,7.49,4.3,eyeliner,3,no
zorah biocosmetiques,Eyeshadow,0.0,3.2,eyeshadow,9,no
sally b's skin yummies,B Smudged,0.0,1.6,eyeshadow,10,no
rejuva minerals,Multi Purpose Powder - Blush & Eye,0.0,4.4,eyeshadow,6,yes
rejuva minerals,Multi Purpose Powder - Eye Shadow & Face,0.0,4.4,eyeshadow,10,yes
marienatie,Pressed Eye Shadow,0.0,4.8,eyeshadow,10,yes
marienatie,Loose Mineral Eyeshadow,0.0,1.6,eyeshadow,6,no
lotus cosmetics usa,Eye Shadow Palette Mesmerize,0.0,3.5,eyeshadow,1,no
lotus cosmetics usa,Eye Shadow Palette Deluxe,0.0,2.9,eyeshadow,4,no
lotus cosmetics usa,Eye Shadow Palette Smokey,0.0,2.4,eyeshadow,10,no
lotus cosmetics usa,Eye Shadow Palette Seduction,0.0,2.4,eyeshadow,6,no
lotus cosmetics usa,Eye Shadow Palette Cocoa,0.0,2.7,eyeshadow,6,no
alva,Liquid Eye Shadow,9.95,3.8,eyeshadow,5,no
clinique,Wear Everywhere Neutrals All About Shadow&trade; 8-Pan Palette,37.0,3.4,eyeshadow,1,no
clinique,Pretty Easy™ Eye Palette,22.25,2.8,eyeshadow,8,no
clinique,All About Shadow&trade; Primer for Eyes,21.0,1.3,eyeshadow,5,no
clinique,Lid Smoothie&trade; Antioxidant 8-Hour Eye Colour,21.0,1.3,eyeshadow,5,no
clinique,Touch Base For Eyes&trade;,17.0,1.0,eyeshadow,7,no
clinique,Lid Pop™,18.0,4.9,eyeshadow,4,no
clinique,All About Shadow&trade; Single,16.5,1.0,eyeshadow,6,no
clinique,Chubby Stick&trade; Shadow Tint For Eyes,17.5,1.4,eyeshadow,4,no
clinique,All About Shadow&trade; Quad,28.5,2.3,eyeshadow,3,no
clinique,All About Shadow&trade; Duo,22.0,4.2,eyeshadow,7,yes
clinique,Clinique + Jonathan Adler: Lid Pop,14.0,4.8,eyeshadow,8,yes
clinique,Clinique + Jonathan Adler: Limited Edition Chic Colour Kit,27.3,4.2,eyeshadow,4,no
dior,Holiday Diorshow Pump n' Volume Set,25.5,3.8,eyeshadow,2,no
dior,Couture Colour Wardrobe palette,65.0,3.1,eyeshadow,10,no
dior,Colour Design Eye palette,45.0,1.3,eyeshadow,3,no
dior,Eye Reviver,43.0,4.8,eyeshadow,1,no
dior,5 COULEURS DESIGNER,45.0,4.0,eyeshadow,8,yes
dior,5 COULEURS PRECIOUS ROCKS - Christmas 2017 Limited Edition,43.5,3.6,eyeshadow,3,no
dior,5 COULEURS,45.0,4.0,eyeshadow,10,yes
dior,Diorshow Mono,25.0,3.9,eyeshadow,7,no
dior,Diorshow Fusion Mono Matte,0.0,3.5,eyeshadow,10,no
dior,Diorshow Fusion Mono,25.5,4.9,eyeshadow,5,no
dior,Backstage Eye Prime,22.5,4.6,eyeshadow,10,yes
iman,Perfect Eye Pencil Deception,,3.6,eyeshadow,5,no
iman,Luxury Eye Shadow Bejeweled,,3.8,eyeshadow,7,no
smashbox,Double Exposure Palette,50.0,1.2,eyeshadow,9,no
smashbox,Mini Full Exposure Palette,25.0,3.7,eyeshadow,5,no
smashbox,Full Exposure Palette,52.0,1.2,eyeshadow,1,no
smashbox,Photo Matte Eyes Mini,25.0,3.4,eyeshadow,10,no
smashbox,MATTE EXPOSURE PALETTE,49.0,5.0,eyeshadow,10,yes
smashbox,Eye Shadow Trio,28.0,3.2,eyeshadow,1,no
smashbox,PHOTO OP EYE SHADOW SINGLES,18.0,2.9,eyeshadow,2,no
almay,Almay Intense i-Color Everyday Neutrals for Blue Eyes,10.49,4.0,eyeshadow,6,yes
covergirl,CoverGirl Trunaked Eyeshadow Palettes in Roses,12.99,5.0,eyeshadow,9,yes
e.l.f.,e.l.f. Studio Baked Eyeshadow Trio ,6.99,2.3,eyeshadow,8,no
l'oreal,L'Oreal Colour Riche La Palette Nude in Nude 02,29.99,4.0,eyeshadow,5,no
dr. hauschka,Dr. Hauschka Eye Shadow ,22.0,5.0,eyeshadow,1,no
maybelline,Maybelline Expert Wear Eye Shadow Quad ,8.99,4.0,eyeshadow,7,yes
sante,Sante Eyeshadow Trio,24.49,5.0,eyeshadow,5,no
maybelline,Maybelline Eyestudio Color Tattoo Concentrated Crayon,10.99,3.0,eyeshadow,6,no
physicians formula,Physicians Formula Shimmer Strips Extreme Shimmer Shadow & Liner Palette ,15.79,4.5,eyeshadow,7,yes
wet n wild,Wet n Wild Color Icon Eyeshadow Trio ,4.79,5.0,eyeshadow,3,no
e.l.f.,e.l.f. Essential Little Black Beauty Book Eye Edition,9.99,4.0,eyeshadow,10,yes
milani,Milani Everyday Eyes Powder Eyeshadow Collection,12.99,5.0,eyeshadow,3,no
almay,Almay Intense i-Color Liquid Shadow + Color Primer,10.99,4.5,eyeshadow,5,no
physicians formula,Physicians Formula Shimmer Strips Custom Shadow & Liner ,15.49,5.0,eyeshadow,6,yes
covergirl,CoverGirl Eye Enhancers 1-Kit Shadow ,4.49,5.0,eyeshadow,9,yes
covergirl,CoverGirl Eye Enhancers 3-Kit Shadows ,6.49,4.0,eyeshadow,5,no
revlon,"Revlon PhotoReady Primer, Shadow + Sparkle Palette",14.49,5.0,eyeshadow,1,no
nyx,NYX Hot Singles Eye Shadow ,5.99,5.0,eyeshadow,4,no
maybelline,Maybelline The Nudes Eye Shadow Palette,17.99,2.0,eyeshadow,5,no
pacifica,Pacifica Super Powder Supernatural Eye Shadow Trio,14.0,4.3,eyeshadow,10,yes
e.l.f.,e.l.f. Mad for Matte Eyeshadow Palette ,11.99,4.4,eyeshadow,10,yes
e.l.f.,e.l.f. Studio Baked Eyeshadow Trio,6.99,5.0,eyeshadow,5,no
maybelline,Maybelline Eye Studio Color Tattoo 24HR Cream Gel Shadow Leather,8.99,4.3,eyeshadow,7,yes
dr. hauschka,Dr. Hauschka Eye Shadow Palette,43.0,4.8,eyeshadow,4,no
covergirl,CoverGirl Eye Enhancers 4-Kit Shadows,6.49,4.6,eyeshadow,1,no
pacifica,Pacifica Mystical Supernatural Eye Shadow Palette,28.0,4.9,eyeshadow,5,no
mistura,Mistura 6-in-1 Beauty Solution,56.49,2.6,eyeshadow,7,no
maybelline,Maybelline The Nudes Eyeshadow Palette in The Blushed Nudes,17.99,4.5,eyeshadow,10,yes
covergirl,CoverGirl Eye Enhancers 3-Kit Shadows,6.49,4.0,eyeshadow,10,yes
e.l.f.,e.l.f. Studio Prism Eyeshadow,13.99,4.8,eyeshadow,6,yes
pacifica,Pacifica Enlighten Eye Brightening Shadow Palette,28.0,4.6,eyeshadow,5,no
wet n wild,Wet n Wild Color Icon Eye Shadow Collection,4.99,4.2,eyeshadow,4,no
pure anada,Pure Anada Loose Luminous Eye Colour ,8.0,4.5,eyeshadow,2,no
wet n wild,Wet n Wild Color Icon Eyeshadow Single,1.99,4.6,eyeshadow,4,no
maybelline,Maybelline Eye Studio Color Tattoo 24HR Cream Gel Shadow,8.99,4.5,eyeshadow,10,yes
physicians formula,Physicians Formula Matte Collection Quad Eye Shadow,10.49,4.6,eyeshadow,10,yes
cargo cosmetics,Cargo Cosmetics Eye Shadow Single,19.0,5.0,eyeshadow,3,no
pure anada,Pure Anada Pressed Mineral Eye Color Pan,8.0,4.5,eyeshadow,10,yes
maybelline,Maybelline Eye Studio Color Tattoo 24HR Cream Gel Shadow ,8.99,4.0,eyeshadow,1,no
marcelle,Marcelle Lux Cream Eye Shadow + Liner,13.99,1.5,eyeshadow,8,no
pacifica,Pacifica Natural Minerals Smolder Eye Lining Gel,27.96,3.0,eyeshadow,5,no
e.l.f.,e.l.f. Studio Eyeliner & Shadow Stick ,4.99,5.0,eyeshadow,4,no
colourpop,No Filter Foundation,12.0,3.9,foundation,8,no
deciem,Serum Foundation,6.7,1.8,foundation,7,no
deciem,Coverage Foundation,6.9,1.5,foundation,2,no
w3llpeople, Realist Invisible Setting Powder,0.0,2.7,foundation,1,no
rejuva minerals,Pressed Powder Foundation,0.0,4.2,foundation,4,no
marienatie,Pressed Foundation,0.0,4.0,foundation,8,yes
glossier,Stretch Concealer,22.0,1.2,foundation,2,no
glossier,Wowder,27.0,2.8,foundation,3,no
glossier,Haloscope,27.0,3.1,foundation,1,no
glossier,Perfecting Skin Tint,32.0,3.6,foundation,1,no
nyx,SFX Setting Powder,10.0,3.6,foundation,3,no
nyx,Holographic Halo Finishing Powder,12.0,2.5,foundation,5,no
nyx,Blotting Powder,12.0,3.2,foundation,3,no
nyx,#NOFILTER Finishing Powder,12.0,2.9,foundation,1,no
nyx,Color Correcting Powder,10.0,4.5,foundation,1,no
nyx,High Definition Finishing Powder Mini,3.5,3.1,foundation,8,no
nyx,Primal Colors,5.0,2.8,foundation,10,no
nyx,Radiant Finishing Powder,9.0,2.6,foundation,2,no
nyx,Mineral Finishing Powder,10.0,3.3,foundation,3,no
nyx,High Definition Finishing Powder,10.0,4.2,foundation,2,no
nyx,Studio Finishing Powder,10.0,3.2,foundation,3,no
nyx,Gotcha Covered Concealer Pencil,7.0,3.6,foundation,7,no
nyx,"Conceal, Correct, Contour Palette",12.0,4.0,foundation,1,no
nyx,Dark Circle Concealer,6.0,3.1,foundation,10,no
nyx,Gotcha Covered Concealer,6.0,2.7,foundation,8,no
nyx,Color Correcting Palette,12.0,4.5,foundation,10,yes
nyx,Concealer Jar,5.0,2.7,foundation,10,no
nyx,HD Photogenic Concealer Wand,5.0,2.8,foundation,10,no
nyx,Tinted Moisturizer,10.0,5.0,foundation,2,no
nyx,Define & Refine Powder Foundation,12.0,1.0,foundation,3,no
nyx,BB Cream,13.0,1.7,foundation,9,no
nyx,Invincible Fullest Coverage Foundation,12.0,2.5,foundation,7,no
nyx,Mineral Stick Foundation,10.0,4.7,foundation,4,no
nyx,Stay Matte But Not Flat Liquid Foundation,7.5,1.3,foundation,10,no
nyx,Stay Matte But Not Flat Powder Foundation,9.5,1.0,foundation,5,no
nyx,HD Studio Photogenic Foundation,18.0,1.2,foundation,2,no
nyx,Hydra Touch Powder Foundation,10.0,1.4,foundation,8,no
nyx,Pro Foundation Mixer,10.0,1.2,foundation,4,no
nyx,Total Control Drop Foundation,14.0,2.9,foundation,9,no
fenty,MATCH STIX - Matte Skinstick,25.0,3.3,foundation,5,no
clinique,Even Better&trade; Compact Makeup Broad Spectrum SPF 15,32.0,2.1,foundation,9,no
clinique,Redness Solutions Makeup<BR>Broad Spectrum SPF 15<BR>With Probiotic Technology,28.0,2.6,foundation,4,no
clinique,Stay-Matte Oil-Free Makeup,26.0,1.4,foundation,10,no
clinique,Repairwear Laser Focus&trade; All-Smooth Makeup Broad Spectrum SPF 15,36.0,2.3,foundation,5,no
clinique,Perfectly Real&trade; Compact Makeup,28.0,3.1,foundation,9,no
clinique,Chubby in the Nude&trade; Foundation Stick,25.0,3.9,foundation,8,no
clinique,Super City Block™ BB Cushion Compact Broad Spectrum SPF 50,17.5,1.0,foundation,3,no
clinique,Superpowder Double Face Makeup,24.0,2.9,foundation,1,no
clinique,Perfectly Real&trade; Makeup,28.0,2.2,foundation,3,no
clinique,Beyond Perfecting&trade; Powder Foundation + Concealer,28.0,4.4,foundation,4,no
clinique,Acne Solutions&trade; Liquid Makeup,28.0,3.9,foundation,2,no
clinique,Superbalanced&trade; Makeup,26.0,3.4,foundation,1,no
clinique,Stay-Matte Sheer Pressed Powder,26.0,2.1,foundation,7,no
clinique,Superbalanced™ Silk Makeup Broad Spectrum SPF 15,26.0,4.6,foundation,8,yes
clinique,Even Better&trade; Makeup Broad Spectrum SPF 15,28.0,1.2,foundation,7,no
clinique,Beyond Perfecting&trade; Foundation + Concealer,28.0,1.4,foundation,5,no
clinique,CliniqueFIT™ Workout Makeup Broad Spectrum SPF 40,29.5,2.6,foundation,1,no
clinique,Almost Powder Makeup,28.0,1.5,foundation,7,no
clinique,Clinique BIY&trade; Blend It Yourself Pigment Drops,33.0,4.8,foundation,7,yes
clinique,Even Better Glow&trade; Light Reflecting Makeup Broad Spectrum SPF 15,28.0,4.2,foundation,9,yes
clinique,Acne Solutions&trade; Clearing Concealer,18.0,2.0,foundation,3,no
clinique,Line Smoothing Concealer,20.0,3.4,foundation,9,no
clinique,All About Eyes&trade; Concealer,20.0,4.9,foundation,1,no
clinique,Advanced Concealer,20.0,4.5,foundation,1,no
clinique,Airbrush Concealer&trade;,22.0,3.4,foundation,4,no
clinique,Continuous Coverage Makeup Broad Spectrum SPF 15,26.0,4.6,foundation,9,yes
clinique,Beyond Perfecting&trade; Super Concealer Camouflage + 24-Hour Wear,19.5,5.0,foundation,6,yes
clinique,Moisture Surge&trade; CC Cream Hydrating Colour Corrector Broad Spectrum SPF 30,39.0,4.0,foundation,3,no
clinique,Acne Solutions BB Cream Broad Spectrum SPF 40,39.0,1.3,foundation,1,no
clinique,Age Defense BB Cream<BR>Broad Spectrum SPF 30,38.5,2.6,foundation,4,no
clinique,Super City Block™ BB Cushion Compact Broad Spectrum SPF 50 Refill,25.0,4.4,foundation,9,yes
clinique,Chubby Stick&trade; Sculpting Highlight,23.0,1.9,foundation,3,no
clinique,Chubby Stick&trade; Sculpting Contour,23.0,4.3,foundation,9,yes
clinique,Limited Edition Highlighting Kit,39.0,1.5,foundation,7,no
fenty,PRO FILT'R - Soft Matte Longwear Foundation,34.0,1.2,foundation,4,no
dior,Diorskin Nude Air Glow Powder,39.5,2.5,foundation,3,no
dior,Diorskin Nude Air loose powder,36.5,1.1,foundation,10,no
dior,Diorskin nude air powder,36.5,4.8,foundation,5,no
dior,DIORIFIC PRECIOUS ROCKS - Christmas 2017 Limited Edition,40.0,4.3,foundation,5,no
dior,Diorskin Forever & Ever Control Loose Powder,36.5,4.2,foundation,3,no
dior,Fix It Colour,23.5,3.5,foundation,9,no
dior,Diorskin Forever Undercover,21.0,1.9,foundation,4,no
dior,FIX IT,23.5,3.1,foundation,5,no
dior,FLASH LUMINIZER,29.0,3.4,foundation,4,no
iman,Cover Cream Clay Medium Deep,,3.1,foundation,5,no
iman,Corrective Concealer Clay,,2.0,foundation,7,no
iman,CC Correct & Cover Clay Medium Deep,,3.1,foundation,9,no
iman,Skin Tone Evener BB Crème Clay Medium,,3.0,foundation,7,no
benefit,the POREfessional: agent zero shine,39.0,5.0,foundation,5,no
benefit,hello flawless! powder foundation,44.0,4.6,foundation,10,yes
smashbox,24 Hour CC Spot Concealer,25.0,2.9,foundation,10,no
smashbox,Camera Ready BB Cream Eyes SPF 15,25.0,3.5,foundation,7,no
smashbox,Photo Filter Foundation,42.0,4.0,foundation,10,yes
smashbox,Halo Hydrating Powder,49.0,1.1,foundation,5,no
smashbox,Halo HD Foundation SPF 15,45.0,4.6,foundation,3,no
smashbox,Camera Ready CC Cream,42.0,4.4,foundation,7,yes
smashbox,Camera Ready BB Cream SPF 35,39.0,2.8,foundation,2,no
smashbox,Camera Ready BB Water SPF 30,42.0,2.6,foundation,9,no
smashbox,STUDIO SKIN 15 HOUR WEAR HYDRATING FOUNDATION ,42.0,2.1,foundation,10,no
marcelle,Marcelle Flawless Compact Foundation,17.99,2.9,foundation,10,no
revlon,Revlon PhotoReady Insta-Fix Makeup,19.99,1.2,foundation,1,no
marcelle,Marcelle BB Cream-to-Powder Makeup,22.99,5.0,foundation,6,yes
physicians formula,Physicians Formula Super BB All-in-1 Beauty Balm Stick,12.99,2.5,foundation,7,no
physicians formula,Physicians Formula Nude Wear Touch of Glow Stick in Nude Glow,12.99,4.0,foundation,8,yes
covergirl,CoverGirl & Olay Simply Ageless Foundation ,15.99,5.0,foundation,10,yes
sante,Sante Soft Cream Foundation,27.49,3.8,foundation,9,no
covergirl,CoverGirl Ultimate Finish Liquid Powder Makeup ,9.99,5.0,foundation,2,no
revlon,Revlon Colorstay Whipped Creme Makeup,19.99,4.4,foundation,10,yes
maybelline,Maybelline Dream Smooth Mousse Foundation,14.79,3.8,foundation,2,no
revlon,Revlon New Complexion One-Step Makeup,18.29,4.2,foundation,5,no
maybelline,Maybelline Fit Me Shine-Free Foundation Stick,10.99,4.7,foundation,5,no
maybelline,Maybelline Dream Matte Mousse Foundation,14.79,4.4,foundation,6,yes
e.l.f.,e.l.f. Studio HD Mattifying Cream Foundation,9.99,4.8,foundation,3,no
mineral fusion,Mineral Fusion Sheer Tint Foundation,37.0,4.4,foundation,8,yes
pure anada,Pure Anada Loose mineral foundation,25.99,1.1,foundation,1,no
dr. hauschka,Dr. Hauschka Translucent Face Powder Compact,35.0,2.3,foundation,6,no
physicians formula,Physicians Formula Mineral Wear Talc-Free All-In-One ABC Cushion Foundation,20.49,4.0,foundation,4,no
nyx,NYX Mineral Stick Foundation,11.99,5.0,foundation,1,no
nyx,NYX Stay Matte But Not Flat Powder Foundation,10.99,4.7,foundation,7,yes
milani,Milani Cream-To-Powder Makeup,10.99,4.4,foundation,9,yes
physicians formula,Physicians Formula Mineral Wear Correcting Kit ,29.99,4.7,foundation,4,no
physicians formula,Physicians Formula Mineral Wear Airbrushing Pressed Powder ,19.99,4.7,foundation,4,no
pure anada,Pure Anada Pressed Sheer Matte Foundation Pan,19.0,4.3,foundation,6,yes
maybelline,Maybelline Mineral Power Natural Perfecting Powder Foundation,14.99,3.9,foundation,3,no
physicians formula,Physicians Formula Mineral Wear Airbrushing Loose Powder ,14.99,4.6,foundation,6,yes
pure anada,Pure Anada Loose Mineral Foundation ,12.0,3.9,foundation,7,no
covergirl,CoverGirl Outlast Stay Luminous Foundation Creamy Natural (820) ,12.49,3.9,foundation,10,no
mineral fusion,Mineral Fusion Liquid Foundation,37.0,4.0,foundation,10,yes
maybelline,Maybelline Dream Velvet Foundation,18.49,2.5,foundation,3,no
maybelline,Maybelline Superstay Better Skin Foundation ,14.99,3.0,foundation,7,no
nyx,NYX Stay Matte But Not Flat Liquid Foundation,10.99,4.0,foundation,3,no
l'oreal,L'Oreal Paris True Match Lumi Glow Liquid Foundation,16.99,3.0,foundation,2,no
covergirl,"CoverGirl Ready, Set Gorgeous Liquid Makeup 105",8.99,2.0,foundation,10,no
covergirl,CoverGirl Outlast Stay Fabulous 3-in-1 Foundation,12.49,2.1,foundation,4,no
,DaLish Silk to Matte Foundation,44.0,4.0,foundation,8,yes
l'oreal,L'Oreal Paris Visible Lift Blur Foundation ,18.99,2.0,foundation,9,no
covergirl,CoverGirl Clean Liquid Makeup Normal Skin ,9.49,5.0,foundation,7,yes
cargo cosmetics,Cargo Cosmetics Liquid Foundation,42.0,1.0,foundation,1,no
covergirl,CoverGirl Smoothers All-Day Hydrating Makeup ,8.99,3.8,foundation,3,no
covergirl,CoverGirl Clean Oil Control Makeup ,9.49,4.0,foundation,9,yes
physicians formula,Physicians Formula Nude Wear Touch of Glow Foundation,18.49,4.5,foundation,1,no
maybelline,Maybelline Dream Wonder Liquid Touch Foundation,14.99,1.2,foundation,9,no
covergirl,CoverGirl Advanced Radiance Age Defying Liquid Makeup ,12.49,5.0,foundation,8,yes
revlon,Revlon Photoready Airbrush Effect Makeup,19.99,3.1,foundation,1,no
revlon,Revlon Age Defying Firming + Lifting Makeup,19.99,4.5,foundation,6,yes
l'oreal,L'Oreal Paris True Match Lumi Cushion Foundation,26.99,4.0,foundation,5,no
cargo cosmetics,Cargo Cosmetics OneBase for Face,28.0,5.0,foundation,6,yes
physicians formula,Physicians Formula Youthful Wear Spotless Foundation,18.49,4.7,foundation,10,yes
annabelle,Annabelle SkinTrue Foundation,10.99,5.0,foundation,5,no
almay,Almay Smart Shade Skintone Matching Makeup ,17.29,4.5,foundation,6,yes
l'oreal,L'Oreal Visible Lift Serum Absolute,20.49,4.3,foundation,5,no
almay,Almay Smart Shade Anti-Aging Skintone Matching Makeup,17.29,4.2,foundation,5,no
almay,Almay Truly Lasting Color Makeup,17.29,4.5,foundation,4,no
covergirl,CoverGirl Outlast Stay Fabulous 3-in-1 Foundation ,12.49,4.0,foundation,3,no
l'oreal,L'Oreal Paris True Match Lumi Healthy Luminous Foundation,20.99,5.0,foundation,3,no
l'oreal,L'Oreal Paris Infallible Pro-Matte Foundation,19.99,4.3,foundation,4,no
revlon,Revlon ColorStay Makeup for Normal / Dry Skin,19.99,4.6,foundation,9,yes
dr. hauschka,Dr. Hauschka Foundation,39.0,4.7,foundation,2,no
e.l.f.,e.l.f. Studio Flawless Finish Foundation,9.99,4.0,foundation,9,yes
maybelline,Maybelline Dream Liquid Mousse,14.79,4.4,foundation,1,no
maybelline,Maybelline FIT ME! Matte + Poreless Foundation,10.99,4.4,foundation,1,no
revlon,Revlon ColorStay Makeup for Combination / Oily Skin,19.99,3.8,foundation,5,no
l'oreal,L'Oreal Paris True Match Super Blendable Makeup ,18.79,4.1,foundation,6,yes
maybelline,Maybelline Fit Me Foundation with SPF,10.99,3.8,foundation,6,no
pure anada,Pure Anada Smooth & Conceal Liquid Foundation,25.0,4.1,foundation,3,no
e.l.f.,e.l.f. Studio Tinted Moisturizer,4.99,3.8,foundation,7,no
colourpop,Blotted Lip,5.5,4.8,lipstick,9,yes
colourpop,Lippie Stix,5.5,1.4,lipstick,10,no
boosh,Lipstick,26.0,4.6,lipstick,8,yes
sally b's skin yummies,B Glossy Lip Gloss,0.0,5.0,lipstick,6,yes
penny lane organics,Lip Gloss,0.0,1.2,lipstick,8,no
nudus,Amalia,0.0,4.5,lipstick,5,no
marienatie,Lipstick,0.0,3.1,lipstick,8,no
marienatie,Lip Gloss,0.0,4.6,lipstick,10,yes
coastal classic creation,Conch Lipstick,0.0,3.3,lipstick,4,no
c'est moi,Reflect Lip Gloss,0.0,3.6,lipstick,10,no
glossier,Generation G,20.0,3.2,lipstick,8,no
nyx,Luv Out Loud Liquid Lipstick,7.0,4.5,lipstick,10,yes
nyx,V'Amped Up! Lip Top Coat,6.0,3.9,lipstick,2,no
nyx,Simply Pink Lip Cream,6.5,3.1,lipstick,5,no
nyx,Simply Red Lip Cream,6.5,4.5,lipstick,9,yes
nyx,Simply Nude Lip Cream,6.5,2.0,lipstick,4,no
nyx,Macaron Lippies,6.5,1.6,lipstick,6,no
nyx,In Your Element Lipstick - Metal,9.0,1.6,lipstick,1,no
nyx,Wicked Lippies,6.5,2.3,lipstick,9,no
nyx,Simply Vamp Lip Cream,6.5,2.0,lipstick,1,no
nyx,In Your Element Lipstick - Water,9.0,4.7,lipstick,5,no
nyx,In Your Element Lipstick - Wind,9.0,1.4,lipstick,4,no
nyx,In Your Element Lipstick - Fire,9.0,3.8,lipstick,3,no
nyx,In Your Element Lipstick - Air,9.0,1.8,lipstick,6,no
nyx,In Your Element Lipstick - Earth,9.0,4.5,lipstick,2,no
nyx,Butter Lipstick,6.5,4.8,lipstick,3,no
nyx,Extra Creamy Round Lipstick,0.0,2.9,lipstick,5,no
nyx,Matte Lipstick,6.0,4.5,lipstick,9,yes
nyx,Pro Lip Cream Palette,12.0,1.0,lipstick,2,no
nyx,Full Throttle Lipstick,7.0,4.3,lipstick,10,yes
nyx,Plush Gel Lipstick,7.0,1.9,lipstick,8,no
nyx,Velvet Matte Lipstick,7.0,4.6,lipstick,2,no
nyx,Turnt Up! Lipstick,6.5,1.0,lipstick,5,no
nyx,Pin-Up Pout Lipstick,8.0,3.2,lipstick,7,no
nyx,Super Cliquey Matte Lipstick,9.0,4.0,lipstick,8,yes
nyx,Powder Puff Lippie Powder Lip Cream,8.5,2.0,lipstick,1,no
nyx,Lip Lustre Glossy Lip Tint,7.0,1.8,lipstick,6,no
nyx,Cosmic Metals Lip Cream,7.5,1.3,lipstick,1,no
nyx,Epic Ink Lip Dye,7.0,2.3,lipstick,2,no
nyx,Strictly Vinyl Lip Gloss,8.0,3.2,lipstick,1,no
nyx,Duo Chromatic Lip Gloss,8.0,1.5,lipstick,5,no
nyx,Slip Tease Full Color Lip Oil,7.0,2.5,lipstick,10,no
nyx,Liquid Suede Metallic Matte,7.5,1.0,lipstick,9,no
nyx,Liquid Suede Cream Lipstick,7.0,4.3,lipstick,6,yes
nyx,Lip Lingerie,7.0,1.5,lipstick,1,no
nyx,Soft Matte Lip Cream,6.5,2.1,lipstick,1,no
nyx,Soft Matte Metallic Lip Cream,7.0,1.1,lipstick,2,no
fenty,MATTEMOISELLE - Plush Matte Lipstick,18.0,2.7,lipstick,9,no
fenty,COSMIC GLOSS - Lip Glitter,19.0,4.4,lipstick,3,no
clinique,Chubby&trade; Plump & Shine Liquid Lip Plumping Gloss,17.5,2.6,lipstick,1,no
clinique,Almost Lipstick,17.5,1.7,lipstick,5,no
clinique,Butter Shine&trade; Lipstick,8.5,4.0,lipstick,7,yes
clinique,High Impact&trade; Lip Colour,17.5,4.2,lipstick,6,yes
clinique,Chubby Stick Intense&trade; Moisturizing Lip Colour Balm,17.0,1.7,lipstick,1,no
clinique,Long Last Soft Matte Lipstick,17.5,4.1,lipstick,5,no
clinique,Long Last Lipstick,17.0,4.8,lipstick,5,no
clinique,Clinique Pop Liquid™ Matte Lip Colour + Primer,18.5,1.7,lipstick,6,no
clinique,Chubby Stick Baby Tint&trade; Moisturizing Lip Colour Balm,17.5,4.1,lipstick,3,no
clinique,Clinique + Jonathan Adler: Pop Lip Colour + Primer,15.4,3.8,lipstick,5,no
clinique,Different Lipstick,17.5,2.9,lipstick,7,no
clinique,Clinique Pop™ Lacquer Lip Colour + Primer  ,18.5,1.2,lipstick,5,no
clinique,Clinique Pop Glaze&trade; Sheer Lip Colour + Primer,18.5,1.3,lipstick,5,no
clinique,Chubby Stick&trade; Moisturizing Lip Colour Balm,17.5,4.4,lipstick,5,no
clinique,Clinique Pop™ Matte Lip Colour + Primer,18.5,5.0,lipstick,10,yes
clinique,Clinique Pop&trade; Lip Colour + Primer,18.5,3.7,lipstick,10,no
clinique,Clinique Pop&trade; Lip Shadow Cushion Matte Lip Powder,19.5,2.8,lipstick,3,no
dior,Dior Addict Lip Maximizer,25.0,3.6,lipstick,1,no
dior,Dior Addict Ultra-Gloss,24.0,3.4,lipstick,5,no
dior,DIORIFIC MATTE FLUID - Christmas Look 2017 Limited Edition,27.5,2.5,lipstick,9,no
dior,DIORIFIC KHÔL,29.5,1.3,lipstick,1,no
dior,Diorific,29.5,4.3,lipstick,3,no
dior,Dior Addict Lipstick - Limited Edition,27.5,2.5,lipstick,4,no
dior,Dior Addict Lipstick,27.5,4.3,lipstick,1,no
dior,DIOR ADDICT LACQUER STICK,27.5,2.0,lipstick,1,no
dior,DIOR ADDICT LIP TATTOO,25.0,1.0,lipstick,8,no
dior,ROUGE DIOR COLLECTION COUTURE - Christmas Look 2017 Limited Edition,29.5,1.6,lipstick,2,no
dior,Dior Holiday Couture Collection,77.0,2.9,lipstick,8,no
dior,ROUGE DIOR - Fall 2017 Limited Edition,27.5,4.8,lipstick,7,yes
dior,Rouge Dior,27.5,1.4,lipstick,10,no
dior,Rouge Dior Double Rouge,27.5,4.4,lipstick,10,yes
dior,Rouge Dior Liquid,26.5,3.1,lipstick,2,no
iman,Luxury Moisturizing Lipstick IMAN Nude,,4.3,lipstick,6,yes
benefit,hydra-smooth lip color,23.0,2.2,lipstick,6,no
benefit,BIG sexy lipstick set,38.0,4.4,lipstick,3,no
benefit,ultra plush lip gloss,19.0,4.1,lipstick,2,no
benefit,hoola ultra plush,21.0,1.9,lipstick,1,no
benefit,CORALista ultra plush,21.0,1.5,lipstick,6,no
benefit,rockateur ultra plush,21.0,4.5,lipstick,5,no
benefit,hervana ultra plush,21.0,4.9,lipstick,9,yes
benefit,dandelion ultra plush,21.0,1.1,lipstick,1,no
benefit,sugarbomb ultra plush,21.0,3.9,lipstick,7,no
benefit,lollibalm,23.0,4.6,lipstick,5,no
benefit,chachabalm,23.0,4.4,lipstick,5,no
benefit,posiebalm,23.0,4.9,lipstick,2,no
benefit,benebalm,23.0,4.0,lipstick,3,no
smashbox,BE LEGENDARY LONG-WEAR LIP LACQUER,24.0,2.8,lipstick,7,no
smashbox,Always Sharp Lip Liner,21.0,2.2,lipstick,6,no
smashbox,Insta-Matte Lipstick Transformer,24.0,2.3,lipstick,2,no
smashbox,BE LEGENDARY LIPSTICK × FOSTER SISTERS,21.0,3.9,lipstick,6,no
smashbox,Be Legendary Lipstick,21.0,4.0,lipstick,2,no
smashbox,ALWAYS ON LIQUID LIPSTICK,24.0,1.8,lipstick,2,no
anna sui,Anna Sui Lip Colour Stain,26.0,4.5,lipstick,2,no
revlon,Revlon Colorstay Moisture Stain,12.99,4.0,lipstick,3,no
revlon,Revlon ColorBurst Balm Stain,11.49,4.0,lipstick,2,no
wet n wild,Wet n Wild Mega Slicks Lip Balm Stain,3.99,4.2,lipstick,4,no
covergirl,CoverGirl Outlast Longwear Lipstick,10.99,3.9,lipstick,9,no
covergirl,CoverGirl Outlast Lipcolor Moisturizing Clear Topcoat (500),12.99,3.3,lipstick,6,no
butter london,butter LONDON Moisture Matte Lipstick,28.96,2.9,lipstick,1,no
l'oreal,L'Oreal Paris Colour Riche Le Matte & La Lacque Lip Colour,11.49,3.2,lipstick,8,no
covergirl,CoverGirl Colorlicious Lipstick,10.49,1.6,lipstick,7,no
covergirl,CoverGirl Outlast Lipcolor,12.99,5.0,lipstick,10,yes
mineral fusion,Mineral Fusion Sheer Moisture Lip Tint,12.0,1.8,lipstick,3,no
dr. hauschka,Dr. Hauschka Limited Edition Lipstick Novum,27.0,5.0,lipstick,1,no
marcelle,Marcelle Rouge Xpression Lipstick,11.99,1.4,lipstick,5,no
maybelline,Maybelline Color Sensational Vivid Matte Liquid Lip Colour,12.99,1.6,lipstick,4,no
revlon,Revlon Ultra HD Lip Lacquer,10.99,5.0,lipstick,10,yes
nyx,NYX Jumbo Lip Pencil ,5.99,4.0,lipstick,8,yes
cargo cosmetics,Cargo Cosmetics ColorStick,32.0,4.0,lipstick,1,no
revlon,Revlon ColorBurst Lacquer Balm,11.49,2.8,lipstick,10,no
cargo cosmetics,Cargo Cosmetics Essential Lip Color,24.0,4.8,lipstick,1,no
l'oreal,L'Oreal Paris Colour Riche Collection Exclusive Pure Reds,10.99,5.0,lipstick,4,no
nyx,NYX Extra Creamy Round Lipstick,6.99,4.0,lipstick,8,yes
maybelline,Maybelline Color Sensational Rebel Bloom Lipcolour ,9.99,3.0,lipstick,5,no
dalish,DaLish Lipstick Matte Collection,22.0,3.8,lipstick,2,no
e.l.f.,e.l.f. Gotta Glow Lip Tint ,7.99,4.5,lipstick,6,yes
maybelline,Maybelline Lip Studio Color Blur ,11.99,3.1,lipstick,5,no
l'oreal,L'Oreal Color Riche Extraordinaire Lip Color,13.96,4.0,lipstick,2,no
almay,Almay Smart Shade Butter Kiss Lipstick,8.99,1.1,lipstick,3,no
wet n wild,Wet n Wild Silk Finish Lipstick,1.99,5.0,lipstick,9,yes
l'oreal,L'Oreal Paris Colour Riche Crystal Shine,10.99,5.0,lipstick,7,yes
dr. hauschka,Dr. Hauschka Lipstick ,34.0,4.9,lipstick,7,yes
revlon,Revlon Ultra HD Matte Lipcolor,10.99,5.0,lipstick,6,yes
l'oreal,L'Oreal Infallible Lipstick ,13.99,5.0,lipstick,8,yes
revlon,Revlon ColorStay Ultimate Suede Lipstick,14.49,3.3,lipstick,4,no
revlon,Revlon Ultra HD Lipstick,10.99,4.2,lipstick,8,yes
l'oreal,L'Oreal Paris Colour Riche Collection Exclusive Lip Colour ,10.99,4.7,lipstick,4,no
maybelline,Maybelline Color Sensational The Buffs Lipcolour,9.99,4.8,lipstick,8,yes
maybelline,Maybelline Color Sensational Vivids Lipcolour,9.99,5.0,lipstick,9,yes
pacifica,Pacifica Devocean Natural Lipstick Deeply Devoted Creamy Color,21.0,4.3,lipstick,3,no
burt's bees,Burt's Bees Lipstick ,9.99,3.7,lipstick,3,no
maybelline,Maybelline Color Sensational Creamy Mattes Lipcolour ,9.99,5.0,lipstick,2,no
l'oreal,L'Oreal Paris Colour Riche Lipstick,10.99,4.6,lipstick,10,yes
revlon,Revlon Matte Lipstick,11.79,4.5,lipstick,3,no
revlon,Revlon ColorStay Ultimate Liquid Lipstick,14.49,4.1,lipstick,3,no
maybelline,Maybelline Color Sensational Lipcolour,9.99,4.2,lipstick,5,no
nyx,NYX Soft Matte Lip Cream,8.99,4.5,lipstick,5,no
burt's bees,Burt's Bees Lip Crayon,9.99,4.5,lipstick,2,no
e.l.f.,e.l.f. Studio Matte Lip Color,4.99,4.3,lipstick,10,yes
revlon,Revlon Super Lustrous Lipstick,11.49,4.9,lipstick,6,yes
milani,Milani Color Statement Moisture Matte Lipstick,6.99,4.7,lipstick,5,no
milani,Milani Color Statement Lipstick,6.99,4.4,lipstick,6,yes
revlon,Revlon ColorBurst Matte Balm ,11.49,4.3,lipstick,1,no
e.l.f.,e.l.f. Studio Moisturizing Lipstick,4.99,4.1,lipstick,5,no
pure anada,Pure Anada Petal Perfect Lipstick,14.0,4.3,lipstick,9,yes
colourpop,Lippie Pencil,5.0,2.2,lip_liner,10,no
c'est moi,Luminary Lip Crayon,0.0,4.6,lip_liner,2,no
nyx,#LOTD Lip Of The Day Liquid Lip Liner,7.0,4.9,lip_liner,1,no
nyx,Slide On Lip Pencil,8.0,1.7,lip_liner,10,no
nyx,Retractable Lip Liner,5.0,2.8,lip_liner,9,no
nyx,Suede Matte Lip Liner,4.0,1.0,lip_liner,10,no
nyx,Slim Lip Pencil,4.0,3.4,lip_liner,9,no
nyx,Jumbo Lip Pencil,4.5,3.4,lip_liner,9,no
clinique,Quickliner&trade; For Lips,17.5,2.0,lip_liner,6,no
clinique, Quickliner&trade; For Lips Intense,17.5,3.2,lip_liner,8,no
nyx,NYX Ombre Lip Duo,15.99,1.9,lip_liner,1,no
marcelle,Marcelle Forever Sharp Waterproof Lip Liner,11.99,1.6,lip_liner,10,no
nyx,NYX Ombre Lip Duo ,15.99,3.6,lip_liner,4,no
covergirl,CoverGirl Lip Perfection Lipliner ,9.99,2.3,lip_liner,1,no
marcelle,Marcelle Waterproof Lip Definition Lip Liner,10.99,3.4,lip_liner,8,no
cargo cosmetics,Cargo Cosmetics Reverse Lip Liner,19.0,5.0,lip_liner,1,no
marcelle,Marcelle 2 in 1 Retractable Plumping Lip Liner ,10.99,3.0,lip_liner,3,no
nyx,NYX Lip Primer,9.99,5.0,lip_liner,4,no
,Bonne Bell Lip Liner,4.99,4.5,lip_liner,8,yes
l'oreal,L'Oreal Paris Colour Riche Lip Liner,11.29,2.7,lip_liner,6,no
annabelle,Annabelle Stay Sharp Waterproof Lipliner,9.99,4.9,lip_liner,10,yes
maybelline,Maybelline Color Sensational Lipliner,8.29,3.5,lip_liner,7,no
l'oreal,L'Oreal Paris Infallible Never Fail Lip Liner,11.99,4.2,lip_liner,8,yes
nyx,NYX Slim Lip Pencil ,4.99,5.0,lip_liner,2,no
e.l.f.,e.l.f. Studio Lip Primer & Plumper,4.99,3.7,lip_liner,10,no
revlon,Revlon ColorStay Lip Liner,11.49,5.0,lip_liner,8,yes
milani,Milani Color Statement Lipliner,3.99,4.7,lip_liner,3,no
sante,Sante Lip Duo Contour and Gloss Pencil,20.49,4.4,lip_liner,7,yes
pacifica,Pacifica Magical Multi-Pencil Prime & Line,16.0,1.6,lip_liner,3,no
marienatie,Perfect Lash Mascara,0.0,2.9,mascara,7,no
lotus cosmetics usa,Mascara,0.0,3.7,mascara,2,no
green people,Volumising Mascara,0.0,2.6,mascara,10,no
c'est moi,Muse Mascara,0.0,4.9,mascara,6,yes
nyx,Fly With Me Mascara,9.0,3.9,mascara,3,no
nyx,Propel My Eyes Mascara,9.0,3.6,mascara,3,no
nyx,Proof It! Waterproof Mascara Top Coat,7.0,4.0,mascara,9,yes
nyx,Big & Loud Lash Primer,7.0,4.8,mascara,7,yes
nyx,Double Stacked Mascara,15.0,4.6,mascara,5,no
nyx,Doll Eye Mascara,9.5,3.9,mascara,10,no
nyx,The Skinny Mascara,7.0,4.0,mascara,7,yes
nyx,Worth the Hype Volumizing & Lengthening Mascara,8.0,1.6,mascara,9,no
nyx,Boudoir Mascara Collection,6.0,1.4,mascara,1,no
nyx,Color Mascara,7.0,3.3,mascara,7,no
nyx,Super Luscious Mascara,7.0,1.1,mascara,6,no
dior,Diorshow Iconic,25.5,2.9,mascara,10,no
dior,Diorshow Iconic Overcurl,25.5,1.8,mascara,9,no
dior,Dior Addict It-Lash,25.5,2.4,mascara,1,no
dior,Diorshow New Look,25.5,4.1,mascara,4,no
dior,Diorshow Black Out,25.5,4.8,mascara,9,yes
dior,DIORSHOW,25.5,1.3,mascara,4,no
dior,DIORSHOW PUMP'N'VOLUME,25.5,3.1,mascara,10,no
dior,Diorshow Maximizer 3D,25.5,4.5,mascara,3,no
iman,Volumize Mascara Black Ink,,1.3,mascara,9,no
iman,Perfect Mascara Black,,4.3,mascara,2,no
iman,Amplify Mascara Black Ink,,2.4,mascara,4,no
benefit,BADgal waterproof mascara,26.0,2.3,mascara,6,no
benefit,they're real! lengthening mascara mini,16.0,4.9,mascara,2,no
benefit,BADgal lash volumizing mascara,26.0,1.8,mascara,8,no
benefit,roller lash curling mascara ,31.0,3.8,mascara,8,no
benefit,they're real! lengthening mascara ,31.0,4.3,mascara,1,no
benefit,they're real! tinted eyelash primer,31.0,1.2,mascara,3,no
smashbox,Hyperlash Mascara,23.0,3.7,mascara,10,no
smashbox,Full Exposure Waterproof Mascara,22.0,4.8,mascara,9,yes
smashbox,Full Exposure Mascara,22.0,1.5,mascara,5,no
smashbox,Indecent Exposure Mascara,22.0,4.6,mascara,6,yes
smashbox,X-Rated Mascara,22.0,3.4,mascara,4,no
smashbox,Photo Finish Lash Primer,22.0,3.5,mascara,10,no
mineral fusion,Mineral Fusion Lengthening Mascara,19.0,3.4,mascara,2,no
covergirl,CoverGirl Professional Mascara Curved Brush Very Black,6.99,3.5,mascara,8,no
covergirl,CoverGirl Professional Mascara Curved Brush Black Brown,6.99,2.2,mascara,6,no
l'oreal,L'Oreal Paris Voluminous Butterfly Midnight Black Mascara,13.49,4.7,mascara,5,no
zorah,Zorah Mascara Lengthing,27.0,4.8,mascara,9,yes
covergirl,CoverGirl LashBlast Fusion Water Resistant Mascara ,9.99,4.8,mascara,1,no
physicians formula,Physicians Formula Eye Booster Instant Lash Extension Kit in Ultra Black,19.99,4.6,mascara,5,no
l'oreal,L'Oreal Paris Voluminous Million Lashes Excess Mascara ,13.99,4.5,mascara,6,yes
covergirl,CoverGirl LastBlast Clump Crusher Water Resistant Mascara ,9.99,5.0,mascara,5,no
almay,Almay Intense i-Color Volumizing Mascara,10.99,4.3,mascara,6,yes
covergirl,CoverGirl LashBlast Full Lash Bloom Mascara Very Black (800),9.99,4.0,mascara,6,yes
covergirl,CoverGirl Professional Super Thick Lash Mascara Very Black,6.99,5.0,mascara,7,yes
maybelline,Maybelline Volum'Express Falsies Big Eyes Mascara,12.99,4.5,mascara,4,no
l'oreal,L'Oreal Paris Voluminous Butterfly Mascara ,13.49,4.7,mascara,8,yes
covergirl,CoverGirl Professional Waterproof Mascara Very Black,6.99,4.8,mascara,7,yes
physicians formula,Physicians Formula Organic Wear CC Curl + Care Mascara ,15.79,3.2,mascara,9,no
marcelle,Marcelle Ultimate Lash Mascara,10.99,4.5,mascara,7,yes
e.l.f.,e.l.f. Studio Lengthening & Volumizing Mascara,4.99,4.0,mascara,3,no
wet n wild,Wet n Wild Mega Protein Mascara,3.49,5.0,mascara,3,no
covergirl,CoverGirl Lashblast Volume Blasting Waterproof Mascara,9.99,5.0,mascara,8,yes
covergirl,CoverGirl LashBlast Fusion Mascara ,9.99,4.8,mascara,5,no
covergirl,CoverGirl Professional Natural Lash Mascara Clear,6.99,4.0,mascara,4,no
maybelline,Maybelline Define-A-Lash Lengthening & Defining Mascara,10.79,4.4,mascara,8,yes
covergirl,CoverGirl LastBlast Clump Crusher Mascara ,9.99,4.5,mascara,6,yes
almay,Almay One Coat Get Up & Grow Mascara,10.99,4.3,mascara,2,no
maybelline,Maybelline Great Lash - Clear,7.79,3.8,mascara,4,no
physicians formula,Physicians Formula Organic Wear Jumbo Lash Mascara,15.79,3.1,mascara,4,no
dr. hauschka,Dr. Hauschka Mascara,33.0,4.3,mascara,6,yes
e.l.f.,e.l.f. Studio Waterproof Lengthening & Volumizing Mascara,4.99,4.8,mascara,6,yes
l'oreal,L'Oreal Paris Extra Volume Collagen Mascara,13.99,4.8,mascara,1,no
almay,Almay One Coat Thickening Mascara,10.99,4.1,mascara,8,yes
maybelline,Maybelline Great Lash Big Mascara,7.79,4.0,mascara,6,yes
e.l.f.,e.l.f. Studio Mineral Infused Mascara,4.99,4.3,mascara,3,no
,Earth Lab Raw Mascara,24.0,4.1,mascara,9,yes
maybelline,Maybelline Great Lash Mascara,7.79,4.2,mascara,2,no
l'oreal,L'Oreal Paris Double Extend Beauty Tubes,14.99,4.6,mascara,8,yes
l'oreal,L'Oreal Paris Telescopic Mascara,13.79,4.7,mascara,10,yes
suncoat,Suncoat Sugar-Based Mascara,16.49,3.4,mascara,3,no
pacifica,Pacifica Aquarian Gaze Water-Resistant Mascara,21.0,4.8,mascara,5,no
physicians formula,Physicians Formula Organic Wear 100% Natural Origin Mascara,15.79,4.0,mascara,6,yes
maybelline,Maybelline Volum' Express Colossal Mascara,9.79,4.5,mascara,10,yes
l'oreal,L'Oreal Paris Voluminous Volume Building Mascara,9.99,2.5,mascara,6,no
maybelline,Maybelline Illegal Length Fiber Extensions Mascara,11.49,4.0,mascara,4,no
maybelline,Maybelline Volum' Express The Rocket Mascara,10.99,3.5,mascara,3,no
l'oreal,L'Oreal Paris Voluminous Million Lashes Mascara,13.29,4.6,mascara,4,no
maybelline,Maybelline Great Lash Lots of Lashes Mascara,7.79,4.2,mascara,1,no
maybelline,Maybelline Lash Stiletto Ultimate Length Mascara,10.99,4.0,mascara,4,no
maybelline,Maybelline Volum'Express the Falsies Mascara,9.79,4.0,mascara,1,no
covergirl,CoverGirl Lashblast Volume Blasting Mascara ,9.99,4.8,mascara,1,no
pacifica,Pacifica Stellar Gaze Length & Strength Mineral Mascara,28.0,4.2,mascara,10,yes
physicians formula,Physicians Formula Organic Wear FakeOut Mascara,15.79,3.9,mascara,6,no
physicians formula,Physicians Formula Organic Wear Lash Boosting Mascara,15.79,3.7,mascara,5,no
,L' Oreal Paris Voluminous Mascara,9.99,4.5,mascara,4,no
pure anada,Pure Anada Natural Mascara,14.0,4.6,mascara,3,no
dior,"
                            Junon
                            ",20.0,4.1,nail_polish,1,no
dior,"
                            Matte
                            ",20.0,3.4,nail_polish,6,no
dior,"
                            Poison Metal
                            ",20.0,2.9,nail_polish,2,no
dior,"
                            Jungle Matte
                            ",20.0,3.6,nail_polish,8,no
dior,"
                            Miss Satin
                            ",20.0,3.2,nail_polish,10,no
dior,"
                            Mineral
                            ",20.0,3.4,nail_polish,5,no
dior,"
                            Sauvage
                            ",20.0,4.1,nail_polish,7,yes
dior,"
                            Diabolo
                            ",20.0,2.9,nail_polish,10,no
dior,"
                            Tease
                            ",20.0,1.2,nail_polish,2,no
dior,"
                            Precious Rocks
                            ",20.5,1.7,nail_polish,8,no
dior,"
                            Amethyst
                            ",20.5,2.8,nail_polish,2,no
dior,"
                            Emerald
                            ",20.5,3.9,nail_polish,4,no
dior,"
                            Grenat
                            ",0.0,3.4,nail_polish,1,no
dior,"
                            Ruby
                            ",20.5,3.6,nail_polish,5,no
moov,Moov Cosmetics St. Tropez Collection,14.99,2.9,nail_polish,9,no
anna sui,Anna Sui Nail Colour,15.0,3.5,nail_polish,1,no
l'oreal,L'Oreal Infallible Nail Polish in Always a Lady,10.99,2.3,nail_polish,9,no
moov,Moov Cosmetics Caribbean Wedding Collection,14.99,2.0,nail_polish,8,no
l'oreal,L'Oreal Infallible Nail Polish in Iconic Indigo ,10.99,2.9,nail_polish,6,no
l'oreal,L'Oreal Infallible Nail Polish in Ocean Infini,10.99,4.0,nail_polish,7,yes
misa,Misa Nail Laquer,9.39,5.0,nail_polish,3,no
l'oreal,L'Oreal Infallible Nail Polish in Petale Revival,10.99,5.0,nail_polish,1,no
salon perfect,Salon Perfect Nail Lacquer ,6.99,4.5,nail_polish,5,no
moov,Moov Cosmetics Home Grown Canuck Collection,14.99,3.0,nail_polish,2,no
l'oreal,L'Oreal Infallible Nail Polish in Irresistible Bonbon,10.99,2.7,nail_polish,5,no
orly,Orly EPIX Flexible Sealcoat,13.49,5.0,nail_polish,8,yes
orly,Orly Nail Lacquer,8.0,1.2,nail_polish,9,no
orly,Orly EPIX Flexible Color ,13.49,3.0,nail_polish,2,no
orly,Orly Nail Lacquer ,8.0,3.0,nail_polish,3,no
wet n wild,Wet n Wild Wild Shine Nail Colour ,1.99,5.0,nail_polish,3,no
maybelline,Maybelline Color Show Nail Lacquer Jewels ,4.49,3.0,nail_polish,1,no
maybelline,Maybelline Color Show Nail Lacquer Veils ,4.49,4.0,nail_polish,8,yes
pacifica,Pacifica 7 Free Nail Polish Set - Blue,21.5,5.0,nail_polish,6,yes
l'oreal,L'Oreal Colour Riche Gold Dust Nail Colour,7.79,1.6,nail_polish,8,no
l'oreal,L'Oreal Extraordinaire Gel Lacque Nail Colour,8.99,1.1,nail_polish,9,no
pacifica,7 Free Nail Polish Set - Red,21.5,5.0,nail_polish,5,no
china glaze,China Glaze Nail Lacquer ,8.0,4.7,nail_polish,3,no
essie,Essie Encrusted Nail Polish Collection,10.0,5.0,nail_polish,5,no
revlon,Revlon Transforming Effects Top Coats,6.99,4.0,nail_polish,5,no
sante,Sante Nail Polish,19.29,4.4,nail_polish,5,no
pure anada,Pure Anada Princess Cosmetics Sugar Plum Kit ,15.0,5.0,nail_polish,3,no
l'oreal,L'Oreal Paris Colour Riche Collection Exclusive Nail Colour,7.79,3.6,nail_polish,10,no
maybelline,Maybelline Color Show Nail Lacquer ,4.49,3.3,nail_polish,4,no
pure anada,Pure Anada Princess Cosmetics Be Mine Kit ,15.0,5.0,nail_polish,9,yes
essie,Essie Nail Colour Cashmere Matte Collection,10.0,1.5,nail_polish,10,no
revlon,Revlon Top Speed Enamel Nail,6.99,4.8,nail_polish,9,yes
butter london,butter LONDON Patent Shine 10x Nail Laquer,22.0,5.0,nail_polish,2,no
suncoat,Suncoat Polish & Peel Super Natural Mineral Nail Polish,9.29,3.8,nail_polish,8,no
essie,Essie Mirror Metallics,10.0,3.4,nail_polish,8,no
pure anada,Pure Anada Nail Polish,10.0,4.8,nail_polish,7,yes
sinful colours,Sinful Colours Nail Polish,2.99,4.3,nail_polish,8,yes
mineral fusion,Mineral Fusion Nail Polish,10.0,4.0,nail_polish,3,no
covergirl,CoverGirl Outlast Stay Brilliant Nail Gloss,5.99,2.3,nail_polish,6,no
revlon,Revlon Nail Enamel,6.99,4.4,nail_polish,1,no
essie,Essie Nail Colour,10.0,4.3,nail_polish,7,yes
suncoat,Suncoat Girl Nail Beauty Kit with Decals Ballerina Beauty,22.49,4.0,nail_polish,1,no
suncoat,Suncoat Girl Nail Beauty Kit with Decals Mermaid Princess,22.49,4.0,nail_polish,9,yes
l'oreal,L'Oreal Infallible Nail Polish in Keep Magenta,10.99,3.2,nail_polish,1,no
piggy paint,Piggy Paint Nail Polish,11.99,4.3,nail_polish,1,no
suncoat,Suncoat Girl Water-Based Nail Polish,8.29,3.9,nail_polish,7,no
